Workbook

Sheet Overview
A1: Stock name Devidend per stock | B1: Jan | C1: Feb | D1: Mar | E1: Apr | F1: Maj | G1: Jun | H1: Jul | I1: Aug | J1: Sep | K1: Okt | L1: Nov | M1: Dec | N1: Amount of stocks | O1: Total yearly devidend per stock* | P1: Previous close
A2: #VALUE! | E2: 0.75 | K2: 0.75 | N2: 28 | O2: =SUM(B2:M2)*N2 -> 42 | P2: {=_FV(Tabell1[[#This Row],[Stock name Devidend per stock]],"Previous close",TRUE)} -> 86.46
A3: #VALUE! | F3: 4.85 | L3: 4.85 | N3: 17 | O3: =SUM(B3:M3)*N3 -> 164.9 | P3: {=_FV(Tabell1[[#This Row],[Stock name Devidend per stock]],"Previous close",TRUE)} -> 137.65
A4: #VALUE! | F4: 8 | L4: 4 | N4: 3 | O4: =SUM(B4:M4)*N4 -> 36 | P4: {=_FV(Tabell1[[#This Row],[Stock name Devidend per stock]],"Previous close",TRUE)} -> 506.2
A5: #VALUE! | C5: 5.5 | F5: 5.5 | I5: 5.5 | L5: 5.5 | N5: 0 | O5: =SUM(B5:M5)*N5 -> 0 | P5: {=_FV(Tabell1[[#This Row],[Stock name Devidend per stock]],"Previous close",TRUE)} -> 595
A6: #VALUE! | F6: 4 | L6: 4 | N6: 9 | O6: =SUM(B6:M6)*N6 -> 72 | P6: {=_FV(Tabell1[[#This Row],[Stock name Devidend per stock]],"Previous close",TRUE)} -> 263.3
A7: #VALUE! | E7: 3.15 | K7: 3.15 | N7: 0 | O7: =SUM(B7:M7)*N7 -> 0 | P7: {=_FV(Tabell1[[#This Row],[Stock name Devidend per stock]],"Previous close",TRUE)} -> 359
A8: #VALUE! | C8: 6 | F8: 6 | I8: 6 | L8: 6 | N8: 0 | O8: =SUM(B8:M8)*N8 -> 0 | P8: {=_FV(Tabell1[[#This Row],[Stock name Devidend per stock]],"Previous close",TRUE)*10} -> 305.7
A9: #VALUE! | B9: 5 | E9: 5 | H9: 5 | K9: 5 | N9: 0 | O9: =SUM(B9:M9)*N9 -> 0 | P9: {=_FV(Tabell1[[#This Row],[Stock name Devidend per stock]],"Previous close",TRUE)*10} -> 301.3
A10: #VALUE! | G10: 1.1 | M10: 1.1 | N10: 0 | O10: =SUM(B10:M10)*N10 -> 0 | P10: {=_FV(Tabell1[[#This Row],[Stock name Devidend per stock]],"Previous close",TRUE)} -> 184.4
A11: #VALUE! | E11: 4 | L11: 4 | N11: 0 | O11: =SUM(B11:M11)*N11 -> 0 | P11: {=_FV(Tabell1[[#This Row],[Stock name Devidend per stock]],"Previous close",TRUE)} -> 161
A12: #VALUE! | C12: 1.75 | F12: 1.75 | I12: 1.75 | L12: 1.75 | N12: 11 | O12: =SUM(B12:M12)*N12 -> 77 | P12: {=_FV(Tabell1[[#This Row],[Stock name Devidend per stock]],"Previous close",TRUE)} -> 80
A13: #VALUE! | D13: 3.25 | J13: 3.25 | N13: 0 | O13: =SUM(B13:M13)*N13 -> 0 | P13: {=_FV(Tabell1[[#This Row],[Stock name Devidend per stock]],"Previous close",TRUE)} -> 176.2
A14: #VALUE! | D14: 3.5 | J14: 3.5 | N14: 0 | O14: =SUM(B14:M14)*N14 -> 0 | P14: {=_FV(Tabell1[[#This Row],[Stock name Devidend per stock]],"Previous close",TRUE)} -> 201.8
A15: #VALUE! | E15: 14 | N15: 0 | O15: =SUM(B15:M15)*N15 -> 0 | P15: {=_FV(Tabell1[[#This Row],[Stock name Devidend per stock]],"Previous close",TRUE)} -> 133.38
A16: #VALUE! | F16: 2.25 | N16: 0 | O16: =SUM(B16:M16)*N16 -> 0 | P16: {=_FV(Tabell1[[#This Row],[Stock name Devidend per stock]],"Previous close",TRUE)} -> 172.3
A17: #VALUE! | F17: 2 | N17: 34 | O17: =SUM(B17:M17)*N17 -> 68 | P17: {=_FV(Tabell1[[#This Row],[Stock name Devidend per stock]],"Previous close",TRUE)} -> 26.46
A18: #VALUE! | D18: 18 | J18: 8.5 | N18: 0 | O18: =SUM(B18:M18)*N18 -> 0 | P18: {=_FV(Tabell1[[#This Row],[Stock name Devidend per stock]],"Previous close",TRUE)} -> 991.4
A19: #VALUE! | D19: 0.46 | G19: 0.46 | J19: 0.46 | M19: 0.46 | N19: 0 | O19: =SUM(B19:M19)*N19 -> 0 | P19: {=_FV(Tabell1[[#This Row],[Stock name Devidend per stock]],"Previous close",TRUE)} -> 14.81
A21: Total devidend each month* | B21: =B2*N2+B3*N3+B4*N4+B17*N17+B6*N6+B12*N12+B8*N8+B9*N9+B16*N16+B5*N5+B11*N11+B10*N10+B7*N7+B13*N13+B14*N14+B15*N15+B18*N18+B19*N19 -> 0 | C21: =C2*N2+C3*N3+C4*N4+C17*N17+C6*N6+C12*N12+C8*N8+C9*N9+C16*N16+C5*N5+C11*N11+C10*N10+C7*N7+C13*N13+C14*N14+C15*N15+C18*N18+C19*N19 -> 19.25 | D21: =D2*N2+D3*N3+D4*N4+D17*N17+D6*N6+D12*N12+D8*N8+D9*N9+D16*N16+D5*N5+D11*N11+D10*N10+D7*N7+D13*N13+D14*N14+D15*N15+D18*N18+D19*N19 -> 0 | E21: =E2*N2+E3*N3+E4*N4+E17*N17+E6*N6+E12*N12+E8*N8+E9*N9+E16*N16+E5*N5+E11*N11+E10*N10+E7*N7+E13*N13+E14*N14+E15*N15+E18*N18+E19*N19 -> 21 | F21: =F2*N2+F3*N3+F4*N4+F17*N17+F6*N6+F12*N12+F8*N8+F9*N9+F16*N16+F5*N5+F11*N11+F10*N10+F7*N7+F13*N13+F14*N14+F15*N15+F18*N18+F19*N19 -> 229.7 | G21: =G2*N2+G3*N3+G4*N4+G17*N17+G6*N6+G12*N12+G8*N8+G9*N9+G16*N16+G5*N5+G11*N11+G10*N10+G7*N7+G13*N13+G14*N14+G15*N15+G18*N18+G19*N19 -> 0 | H21: =H2*N2+H3*N3+H4*N4+H17*N17+H6*N6+H12*N12+H8*N8+H9*N9+H16*N16+H5*N5+H11*N11+H10*N10+H7*N7+H13*N13+H14*N14+H15*N15+H18*N18+H19*N19 -> 0 | I21: =I2*N2+I3*N3+I4*N4+I17*N17+I6*N6+I12*N12+I8*N8+I9*N9+I16*N16+I5*N5+I11*N11+I10*N10+I7*N7+I13*N13+I14*N14+I15*N15+I18*N18+I19*N19 -> 19.25 | J21: =J2*N2+J3*N3+J4*N4+J17*N17+J6*N6+J12*N12+J8*N8+J9*N9+J16*N16+J5*N5+J11*N11+J10*N10+J7*N7+J13*N13+J14*N14+J15*N15+J18*N18+J19*N19 -> 0 | K21: =K2*N2+K3*N3+K4*N4+K17*N17+K6*N6+K12*N12+K8*N8+K9*N9+K16*N16+K5*N5+K11*N11+K10*N10+K7*N7+K13*N13+K14*N14+K15*N15+K18*N18+K19*N19 -> 21 | L21: =L2*N2+L3*N3+L4*N4+L17*N17+L6*N6+L12*N12+L8*N8+L9*N9+L16*N16+L5*N5+L11*N11+L10*N10+L7*N7+L13*N13+L14*N14+L15*N15+L18*N18+L19*N19 -> 149.7 | M21: =M2*N2+M3*N3+M4*N4+M17*N17+M6*N6+M12*N12+M8*N8+M9*N9+M16*N16+M5*N5+M11*N11+M10*N10+M7*N7+M13*N13+M14*N14+M15*N15+M18*N18+M19*N19 -> 0 | N21: =SUM(N2:N20) -> 102 | O21: =SUM(O2:O19) -> 459.9

Sheet Python
A1: Aktie | B1: Jan | C1: Feb | D1: Mar | E1: Apr | F1: Maj | G1: Jun | H1: Jul | I1: Aug | J1: Sep | K1: Okt | L1: Nov | M1: Dec | N1: antal aktier | O1: Total utdelning | P1: Previous close
A2: Telefonaktiebolaget LM Ericsson (XSTO:ERIC B) | B2: =Overview!B2 -> 0 | C2: =Overview!C2 -> 0 | D2: =Overview!D2 -> 0 | E2: =Overview!E2 -> 0.75 | F2: =Overview!F2 -> 0 | G2: =Overview!G2 -> 0 | H2: =Overview!H2 -> 0 | I2: =Overview!I2 -> 0 | ... P2: =Overview!P2 -> 86.46
A3: H & M Hennes & Mauritz AB (XSTO:HM B) | B3: =Overview!B3 -> 0 | C3: =Overview!C3 -> 0 | D3: =Overview!D3 -> 0 | E3: =Overview!E3 -> 0 | F3: =Overview!F3 -> 4.85 | G3: =Overview!G3 -> 0 | H3: =Overview!H3 -> 0 | I3: =Overview!I3 -> 0 | ... P3: =Overview!P3 -> 137.65
A4: Investor AB (XSTO:INVE B) | B4: =Overview!B4 -> 0 | C4: =Overview!C4 -> 0 | D4: =Overview!D4 -> 0 | E4: =Overview!E4 -> 0 | F4: =Overview!F4 -> 8 | G4: =Overview!G4 -> 0 | H4: =Overview!H4 -> 0 | I4: =Overview!I4 -> 0 | ... P4: =Overview!P4 -> 506.2
A5: AUTOLIV, INC. (XSTO:ALIV SDB) | B5: =Overview!B5 -> 0 | C5: =Overview!C5 -> 5.5 | D5: =Overview!D5 -> 0 | E5: =Overview!E5 -> 0 | F5: =Overview!F5 -> 5.5 | G5: =Overview!G5 -> 0 | H5: =Overview!H5 -> 0 | I5: =Overview!I5 -> 5.5 | ... P5: =Overview!P5 -> 595
A6: Kinnevik AB (XSTO:KINV B) | B6: =Overview!B6 -> 0 | C6: =Overview!C6 -> 0 | D6: =Overview!D6 -> 0 | E6: =Overview!E6 -> 0 | F6: =Overview!F6 -> 4 | G6: =Overview!G6 -> 0 | H6: =Overview!H6 -> 0 | I6: =Overview!I6 -> 0 | ... P6: =Overview!P6 -> 263.3
A7: Atlas Copco AB (XSTO:ATCO B) | B7: =Overview!B7 -> 0 | C7: =Overview!C7 -> 0 | D7: =Overview!D7 -> 0 | E7: =Overview!E7 -> 3.15 | F7: =Overview!F7 -> 0 | G7: =Overview!G7 -> 0 | H7: =Overview!H7 -> 0 | I7: =Overview!I7 -> 0 | ... P7: =Overview!P7 -> 359
A8: OMEGA HEALTHCARE INVESTORS, INC. (XNYS:OHI) | B8: =Overview!B8 -> 0 | C8: =Overview!C8 -> 6 | D8: =Overview!D8 -> 0 | E8: =Overview!E8 -> 0 | F8: =Overview!F8 -> 6 | G8: =Overview!G8 -> 0 | H8: =Overview!H8 -> 0 | I8: =Overview!I8 -> 6 | ... P8: =Overview!P8 -> 305.7
A9: AT&T INC. (XNYS:T) | B9: =Overview!B9 -> 5 | C9: =Overview!C9 -> 0 | D9: =Overview!D9 -> 0 | E9: =Overview!E9 -> 5 | F9: =Overview!F9 -> 0 | G9: =Overview!G9 -> 0 | H9: =Overview!H9 -> 5 | I9: =Overview!I9 -> 0 | ... P9: =Overview!P9 -> 301.3
A10: EQT AB (XSTO:EQT) | B10: =Overview!B10 -> 0 | C10: =Overview!C10 -> 0 | D10: =Overview!D10 -> 0 | E10: =Overview!E10 -> 0 | F10: =Overview!F10 -> 0 | G10: =Overview!G10 -> 1.1 | H10: =Overview!H10 -> 0 | I10: =Overview!I10 -> 0 | ... P10: =Overview!P10 -> 184.4

Sheet Python2
A1: Aktie | B1: Jan | C1: Feb | D1: Mar | E1: Apr | F1: Maj | G1: Jun | H1: Jul | I1: Aug | J1: Sep | K1: Okt | L1: Nov | M1: Dec | N1: antal aktier | O1: Total utdelning | P1: Previous close
A2: NCC AB (XSTO:NCC B) | B2: =Overview!B11 -> 0 | C2: =Overview!C11 -> 0 | D2: =Overview!D11 -> 0 | E2: =Overview!E11 -> 4 | F2: =Overview!F11 -> 0 | G2: =Overview!G11 -> 0 | H2: =Overview!H11 -> 0 | I2: =Overview!I11 -> 0 | ... P2: =Overview!P11 -> 161
A3: Vastsvensk Logistik AB (publ) (XSTO:VASLOG) | B3: =Overview!B12 -> 0 | C3: =Overview!C12 -> 1.75 | D3: =Overview!D12 -> 0 | E3: =Overview!E12 -> 0 | F3: =Overview!F12 -> 1.75 | G3: =Overview!G12 -> 0 | H3: =Overview!H12 -> 0 | I3: =Overview!I12 -> 1.75 | ... P3: =Overview!P12 -> 80
A4: Castellum AB (XSTO:CAST) | B4: =Overview!B13 -> 0 | C4: =Overview!C13 -> 0 | D4: =Overview!D13 -> 3.25 | E4: =Overview!E13 -> 0 | F4: =Overview!F13 -> 0 | G4: =Overview!G13 -> 0 | H4: =Overview!H13 -> 0 | I4: =Overview!I13 -> 0 | ... P4: =Overview!P13 -> 176.2
A5: Axfood AB (XSTO:AXFO) | B5: =Overview!B14 -> 0 | C5: =Overview!C14 -> 0 | D5: =Overview!D14 -> 3.5 | E5: =Overview!E14 -> 0 | F5: =Overview!F14 -> 0 | G5: =Overview!G14 -> 0 | H5: =Overview!H14 -> 0 | I5: =Overview!I14 -> 0 | ... P5: =Overview!P14 -> 201.8
A6: Swedbank AB (XSTO:SWED A) | B6: =Overview!B15 -> 0 | C6: =Overview!C15 -> 0 | D6: =Overview!D15 -> 0 | E6: =Overview!E15 -> 14 | F6: =Overview!F15 -> 0 | G6: =Overview!G15 -> 0 | H6: =Overview!H15 -> 0 | I6: =Overview!I15 -> 0 | ... P6: =Overview!P15 -> 133.38
A7: Investment AB Latour (XSTO:LATO B) | B7: =Overview!B16 -> 0 | C7: =Overview!C16 -> 0 | D7: =Overview!D16 -> 0 | E7: =Overview!E16 -> 0 | F7: =Overview!F16 -> 2.25 | G7: =Overview!G16 -> 0 | H7: =Overview!H16 -> 0 | I7: =Overview!I16 -> 0 | ... P7: =Overview!P16 -> 172.3
A8: Ratos AB (XSTO:RATO B) | B8: =Overview!B17 -> 0 | C8: =Overview!C17 -> 0 | D8: =Overview!D17 -> 0 | E8: =Overview!E17 -> 0 | F8: =Overview!F17 -> 2 | G8: =Overview!G17 -> 0 | H8: =Overview!H17 -> 0 | I8: =Overview!I17 -> 0 | ... P8: =Overview!P17 -> 26.46
A9: ASTRAZENECA PLC (XSTO:AZN) | B9: =Overview!B18 -> 0 | C9: =Overview!C18 -> 0 | D9: =Overview!D18 -> 18 | E9: =Overview!E18 -> 0 | F9: =Overview!F18 -> 0 | G9: =Overview!G18 -> 0 | H9: =Overview!H18 -> 0 | I9: =Overview!I18 -> 0 | ... P9: =Overview!P18 -> 991.4
A10: Klovern AB (XSTO:KLOV B) | B10: =Overview!B19 -> 0 | C10: =Overview!C19 -> 0 | D10: =Overview!D19 -> 0.46 | E10: =Overview!E19 -> 0 | F10: =Overview!F19 -> 0 | G10: =Overview!G19 -> 0.46 | H10: =Overview!H19 -> 0 | I10: =Overview!I19 -> 0 | ... P10: =Overview!P19 -> 14.81
